,TonguePale,TipSideRed,Spot,Ecchymosis,Crack,Toothmark,FurThick,FurYellow
TonguePale,0.126669,0.065559,0.062296,0.013053,0.11065,0.080688,0.126372,0.018985
TipSideRed,0.065559,0.449422,0.270246,0.032631,0.37437,0.253337,0.441115,0.065559
Spot,0.062296,0.270246,0.47523,0.042717,0.389202,0.280629,0.464551,0.070009
Ecchymosis,0.013053,0.032631,0.042717,0.091664,0.081578,0.04954,0.091071,0.019282
Crack,0.11065,0.37437,0.389202,0.081578,0.843963,0.494512,0.822011,0.143281
Toothmark,0.080688,0.253337,0.280629,0.04954,0.494512,0.578463,0.567191,0.096114
FurThick,0.126372,0.441115,0.464551,0.091071,0.822011,0.567191,0.973005,0.155147
FurYellow,0.018985,0.065559,0.070009,0.019282,0.143281,0.096114,0.155147,0.156927
