,TonguePale,TipSideRed,Spot,Ecchymosis,Crack,Toothmark,FurThick,FurYellow
TonguePale,1.0,0.5175644028103045,0.4918032786885246,0.10304449648711944,0.8735362997658079,0.6370023419203747,0.9976580796252927,0.14988290398126464
TipSideRed,0.14587458745874587,1.0,0.6013201320132013,0.07260726072607261,0.833003300330033,0.5636963696369637,0.9815181518151815,0.14587458745874587
Spot,0.13108614232209737,0.5686641697877652,1.0,0.0898876404494382,0.818976279650437,0.5905118601747815,0.9775280898876404,0.14731585518102372
Ecchymosis,0.1423948220064725,0.3559870550161812,0.46601941747572817,1.0,0.889967637540453,0.540453074433657,0.9935275080906149,0.21035598705501618
Crack,0.13110720562390157,0.443585237258348,0.4611599297012302,0.09666080843585237,1.0,0.5859402460456942,0.9739894551845343,0.16977152899824252
Toothmark,0.13948717948717948,0.4379487179487179,0.48512820512820515,0.08564102564102564,0.8548717948717949,1.0,0.9805128205128205,0.16615384615384615
FurThick,0.1298780487804878,0.4533536585365854,0.4774390243902439,0.09359756097560976,0.8448170731707317,0.5829268292682926,1.0,0.15945121951219512
FurYellow,0.12098298676748583,0.41776937618147447,0.44612476370510395,0.12287334593572778,0.9130434782608695,0.6124763705103969,0.9886578449905482,1.0
