,TonguePale,TipSideRed,Spot,Ecchymosis,Crack,Toothmark,FurThick,FurYellow
TonguePale,1.0,0.052170966385927726,0.012639200795984394,0.015020200745960508,0.031036046803529532,0.045147590592071636,0.057931742263471205,-0.007375176359838134
TipSideRed,0.052170966385927726,1.0,0.228119466516946,-0.059668796332450286,-0.027286590588381284,-0.02701804041999562,0.04745769587278196,-0.02745254474123075
Spot,0.012639200795984394,0.228119466516946,1.0,-0.0058589893543809154,-0.06552470722833756,0.023219057759175484,0.026558256586137193,-0.02514484994171266
Ecchymosis,0.015020200745960508,-0.059668796332450286,-0.0058589893543809154,1.0,0.04027179329127144,-0.02445244171399148,0.04022604233487784,0.04666321720134281
Crack,0.031036046803529532,-0.027286590588381284,-0.06552470722833756,0.04027179329127144,1.0,0.03521382497042552,0.01412623322404061,0.08212861974003415
Toothmark,0.045147590592071636,-0.02701804041999562,0.023219057759175484,-0.02445244171399148,0.03521382497042552,1.0,0.05426662277560419,0.02971701814672394
FurThick,0.057931742263471205,0.04745769587278196,0.026558256586137193,0.04022604233487784,0.01412623322404061,0.05426662277560419,1.0,0.04166861109753861
FurYellow,-0.007375176359838134,-0.02745254474123075,-0.02514484994171266,0.04666321720134281,0.08212861974003415,0.02971701814672394,0.04166861109753861,1.0
